Countries,Year,Cheapest brand of cigarettes - currency reported,Cheapest brand of cigarettes - price in currency reported,Cheapest brand of cigarettes - price in PPP$,Cheapest brand of cigarettes - price in US$ at official exchange rates,Premium brand of cigarettes - currency reported,Premium brand of cigarettes - price in currency reported,Premium brand of cigarettes - price in PPP$,Premium brand of cigarettes - price in US$ at official exchange rates,Most sold brand of cigarettes - currency reported,Most sold brand of cigarettes - price in currency reported,Most sold brand of cigarettes - price in PPP$,Most sold brand of cigarettes - price in US$ at official exchange rates
Afghanistan,2020,AFN,20,1.08,0.26,AFN,170,9.15,2.21,AFN,30,1.61,0.39
Afghanistan,2018,,,,,,,,,,30,1.75,0.41
Afghanistan,2016,,,,,,,,,,30,1.72,0.44
Afghanistan,2014,,,,,,,,,,20,1.17,0.35
Afghanistan,2012,,,,,,,,,,15,0.87,0.29
Afghanistan,2010,,,,,,,,,,10,0.65,0.22
Afghanistan,2008,,,,,,,,,,8.5,0.57,0.17
Albania,2020,ALL,200,4.98,1.89,ALL,330,8.22,3.12,ALL,250,6.23,2.37
Albania,2018,,,,,,,,,,240,5.88,2.24
Albania,2016,,,,,,,,,,230,5.43,1.88
Albania,2014,,,,,,,,,,200,4.66,1.93
Albania,2012,,,,,,,,,,170,3.89,1.52
Albania,2010,,,,,,,,,,150,3.43,1.43
Albania,2008,,,,,,,,,,130,3.12,1.48
Algeria,2020,DZD,150,4.01,1.17,DZD,300,8.02,2.34,DZD,300,8.02,2.34
Algeria,2018,,,,,,,,,,300,7.35,2.55
Algeria,2016,,,,,,,,,,210,5.65,1.9
Algeria,2014,,,,,,,,,,150,4.41,1.91
Algeria,2012,,,,,,,,,,85,2.61,1.04
Algeria,2010,,,,,,,,,,85,3.34,1.14
Algeria,2008,,,,,,,,,,70,2.78,0.98
Andorra,2020,EUR,2.495,,2.96,EUR,3.645,,4.32,EUR,3.65,,4.32
Andorra,2018,,,,,,,,,,3.6,,4.22
Andorra,2016,,,,,,,,,,3.5,,3.89
Andorra,2014,,,,,,,,,,3.5,,4.68
Andorra,2012,,,,,,,,,,3.1,,3.83
Andorra,2010,,,,,,,,,,2.4,,3.13
Angola,2020,AOA,500,3.05,0.87,AOA,2000,12.19,3.46,AOA,900,5.49,1.56
Angola,2018,,,,,,,,,,450,3.71,1.75
Angola,2014,,,,,,,,,,200,3.08,2.06
Angola,2012,,,,,,,,,,150,2.28,1.57
Angola,2008,,,,,,,,,,50,1.07,0.67
Antigua and Barbuda,2020,XCD,8.75,4.27,3.24,XCD,14.1,6.88,5.22,XCD,14.1,6.88,5.22
Antigua and Barbuda,2018,,,,,,,,,,8,3.83,2.96
Antigua and Barbuda,2016,,,,,,,,,,8,3.88,2.96
Antigua and Barbuda,2014,,,,,,,,,,8,4.18,2.96
Antigua and Barbuda,2012,,,,,,,,,,6.5,3.55,2.41
Antigua and Barbuda,2010,,,,,,,,,,6.5,3.8,2.41
Antigua and Barbuda,2008,,,,,,,,,,6.5,3.86,2.41
Argentina,2020,ARS,29.4,1.01,0.41,ARS,157,5.38,2.17,ARS,141,4.83,1.95
Argentina,2018,,,,,,,,,,60,4.28,2.18
Argentina,2016,,,,,,,,,,40,4.3,2.67
Argentina,2014,,,,,,,,,,14.5,2.66,1.77
Argentina,2012,,,,,,,,,,8,2.49,1.75
Argentina,2010,,,,,,,,,,5.38,2.38,1.37
Argentina,2008,,,,,,,,,,3.8,2.31,1.11
Armenia,2020,AMD,380,2.44,0.78,AMD,800,5.15,1.65,AMD,700,4.5,1.44
Armenia,2018,,,,,,,,,,680,4.34,1.41
Armenia,2016,,,,,,,,,,600,3.72,1.26
Armenia,2014,,,,,,,,,,600,3.63,1.48
Armenia,2012,,,,,,,,,,600,3.8,1.47
Armenia,2010,,,,,,,,,,550,3.43,1.49
Armenia,2008,,,,,,,,,,500,3.38,1.63
Australia,2020,AUD,24.325,16.41,17.55,AUD,34.25,23.11,24.7,AUD,29.3,19.77,21.13
Australia,2018,,,,,,,,,,20.75,14.18,15.42
Australia,2016,,,,,,,,,,21,14.48,15.8
Australia,2014,,,,,,,,,,17.05,11.74,15.9
Australia,2012,,,,,,,,,,13.63,8.85,14.35
Australia,2010,,,,,,,,,,11.98,8.13,10.77
Australia,2008,,,,,,,,,,9.6,6.77,6.65
Austria,2020,EUR,4.7,6.12,5.57,EUR,5.7,7.42,6.75,EUR,5.7,7.42,6.75
Austria,2018,,,,,,,,,,5.5,7.19,6.45
Austria,2016,,,,,,,,,,5,6.44,5.56
Austria,2014,,,,,,,,,,4.9,6.13,6.56
Austria,2012,,,,,,,,,,4.5,5.53,5.56
Austria,2010,,,,,,,,,,4,4.8,5.21
Austria,2008,,,,,,,,,,3.6,4.35,5.01
Azerbaijan,2020,AZN,1.6,3.31,0.94,AZN,3.4,7.02,2,AZN,1.8,3.72,1.06
Azerbaijan,2018,,,,,,,,,,1.2,2.17,0.71
Azerbaijan,2016,,,,,,,,,,2.8,6.5,1.77
Azerbaijan,2014,,,,,,,,,,1.4,3.94,1.79
Azerbaijan,2012,,,,,,,,,,1.1,2.98,1.39
Azerbaijan,2010,,,,,,,,,,0.7,2.23,0.87
Azerbaijan,2008,,,,,,,,,,0.7,2.02,0.87
Bahamas,2020,BSD,7.85,8.84,7.85,BSD,12.85,14.47,12.85,BSD,10,11.26,10
Bahamas,2016,,,,,,,,,,8.95,9.69,8.95
Bahamas,2014,,,,,,,,,,7,7.74,7
Bahamas,2012,,,,,,,,,,5,5.46,5
Bahamas,2010,,,,,,,,,,2.69,2.91,2.69
Bahamas,2008,,,,,,,,,,2.69,2.81,2.69
Bahrain,2020,BHD,0.8,4.57,2.13,BHD,2.3,13.14,6.12,BHD,2.3,13.14,6.12
Bahrain,2018,,,,,,,,,,2,10.47,5.32
Bahrain,2016,,,,,,,,,,1.5,7.89,3.99
Bahrain,2014,,,,,,,,,,1,5.43,2.66
Bahrain,2012,,,,,,,,,,1,5.68,2.63
Bahrain,2010,,,,,,,,,,0.7,4.22,1.86
Bahrain,2008,,,,,,,,,,0.6,3.31,1.6
Bangladesh,2020,BDT,90,2.75,1.06,BDT,280,8.57,3.3,BDT,95,2.91,1.12
Bangladesh,2018,,,,,,,,,,80,2.62,0.96
Bangladesh,2016,,,,,,,,,,50,1.75,0.64
Bangladesh,2014,,,,,,,,,,30,1.16,0.39
Bangladesh,2012,,,,,,,,,,28,1.18,0.34
Bangladesh,2010,,,,,,,,,,17,0.77,0.24
Bangladesh,2008,,,,,,,,,,15,0.77,0.22
Barbados,2018,,,,,,,,,,14.65,6.63,7.33
Barbados,2016,,,,,,,,,,15,7.08,7.5
Barbados,2014,,,,,,,,,,13.85,6.37,6.93
Barbados,2012,,,,,,,,,,11.29,5.32,5.65
Barbados,2010,,,,,,,,,,11,5.52,5.5
Barbados,2008,,,,,,,,,,11,5.53,5.5
Belarus,2020,BYN,0.9,1.22,0.37,BYN,3.5,4.73,1.44,BYN,1.28,1.73,0.52
Belarus,2018,,,,,,,,,,1.1,1.65,0.55
Belarus,2016,,,,,,,,,,9600,1.7,0.48
Belarus,2014,,,,,,,,,,7050,1.57,0.68
Belarus,2012,,,,,,,,,,3050,0.95,0.37
Belarus,2010,,,,,,,,,,1150,1.02,0.39
Belarus,2008,,,,,,,,,,860,0.88,0.39
Belgium,2020,EUR,5.8,7.58,6.87,EUR,6.8,8.89,8.06,EUR,6.8,8.89,8.06
Belgium,2018,,,,,,,,,,6.6,8.62,7.75
Belgium,2016,,,,,,,,,,6.32,8.09,7.02
Belgium,2014,,,,,,,,,,5.79,7.24,7.75
Belgium,2012,,,,,,,,,,5.26,6.4,6.5
Belgium,2010,,,,,,,,,,4.84,5.81,6.31
Belgium,2008,,,,,,,,,,4.16,5.01,5.79
Belize,2020,BZD,5.5,4.2,2.75,BZD,11,8.39,5.5,BZD,5.5,4.2,2.75
Belize,2018,,,,,,,,,,4,2.99,2
Belize,2016,,,,,,,,,,5,3.73,2.5
Belize,2014,,,,,,,,,,5,3.81,2.5
Belize,2012,,,,,,,,,,5,4.04,2.5
Belize,2010,,,,,,,,,,5,4.43,2.5
Belize,2008,,,,,,,,,,5,4.29,2.5
Benin,2020,XOF,450,2.14,0.81,XOF,950,4.53,1.72,XOF,500,2.38,0.9
Benin,2018,,,,,,,,,,500,2.35,0.89
Benin,2016,,,,,,,,,,500,2.33,0.85
Benin,2014,,,,,,,,,,500,2.22,1.02
Benin,2012,,,,,,,,,,500,2.14,0.94
Benin,2010,,,,,,,,,,500,2.3,0.99
Benin,2008,,,,,,,,,,500,2.34,1.06
Bhutan,2020,,,,,,,,,BTN,360,17.77,4.81
Bolivia,2020,,6,2.2,0.87,BOB,,,,BOB,12,4.39,1.74
Bolivia,2018,,,,,,,,,,11.5,4.16,1.66
Bolivia,2016,,,,,,,,,,11,3.88,1.59
Bolivia,2014,,,,,,,,,,10,3.31,1.45
Bolivia,2012,,,,,,,,,,8,2.63,1.16
Bolivia,2010,,,,,,,,,,6,2.26,0.85
Bolivia,2008,,,,,,,,,,5.5,2.16,0.78
Bosnia and Herzegovina,2020,BAM,4.9,7.4,2.94,BAM,6,9.06,3.6,BAM,6,9.06,3.6
Bosnia and Herzegovina,2018,,,,,,,,,,5.5,8.1,3.29
Bosnia and Herzegovina,2016,,,,,,,,,,4.5,6.66,2.56
Bosnia and Herzegovina,2014,,,,,,,,,,3.7,5.39,2.53
Bosnia and Herzegovina,2012,,,,,,,,,,2.8,3.97,1.76
Bosnia and Herzegovina,2010,,,,,,,,,,2.3,3.22,1.53
Bosnia and Herzegovina,2008,,,,,,,,,,2,2.79,1.42
Botswana,2020,BWP,,,,,50.95,11.15,4.44,BWP,49.5,10.84,4.31
Botswana,2018,,,,,,,,,,38.95,8.33,3.81
Botswana,2016,,,,,,,,,,33.33,7.29,3.12
Botswana,2014,,,,,,,,,,27.33,6.38,3.08
Botswana,2012,,,,,,,,,,25,6.31,3.25
Botswana,2010,,,,,,,,,,18,5.5,2.63
Botswana,2008,,,,,,,,,,17.5,6.08,2.33
Brazil,2020,BRL,5,2.18,0.96,BRL,8.25,3.59,1.59,BRL,5.25,2.29,1.01
Brazil,2018,,,,,,,,,,5,2.27,1.33
Brazil,2016,,,,,,,,,,6.24,2.93,1.91
Brazil,2014,,,,,,,,,,5.75,3.17,2.54
Brazil,2012,,,,,,,,,,4.25,2.65,2.07
Brazil,2010,,,,,,,,,,3.25,2.34,1.84
Brazil,2008,,,,,,,,,,2.4,1.97,1.03
Brunei Darussalam,2020,Not applicable,NA,NA,NA,Not applicable,NA,NA,NA,Not applicable,,,
Brunei Darussalam,2012,,,,,,,,,,7.4,10.95,5.92
Brunei Darussalam,2010,,,,,,,,,,2.24,3.74,1.64
Brunei Darussalam,2008,,,,,,,,,,2.24,3.01,1.56
Bulgaria,2020,BGN,5,7.06,3.03,BGN,5.7,8.05,3.45,BGN,5,7.06,3.03
Bulgaria,2018,,,,,,,,,,4.8,7.01,2.88
Bulgaria,2016,,,,,,,,,,4.6,6.9,2.61
Bulgaria,2014,,,,,,,,,,4.4,6.66,3.01
Bulgaria,2012,,,,,,,,,,4.6,6.64,2.89
Bulgaria,2010,,,,,,,,,,4.12,6.09,2.74
Bulgaria,2008,,,,,,,,,,2.9,,2.09
Burkina Faso,2020,XOF,600,3,1.08,XOF,900,4.49,1.63,XOF,750,3.74,1.35
Burkina Faso,2018,,,,,,,,,,750,3.59,1.34
Burkina Faso,2016,,,,,,,,,,650,3.02,1.1
Burkina Faso,2014,,,,,,,,,,500,2.16,1.02
Burkina Faso,2012,,,,,,,,,,500,2.09,0.94
Burkina Faso,2010,,,,,,,,,,500,2.34,0.99
Burkina Faso,2008,,,,,,,,,,500,2.44,1.06
Burundi,2020,,2000,3.1,1.04,BIF,,,,BIF,2000,3.1,1.04
Burundi,2018,,,,,,,,,,1600,2.58,0.9
Burundi,2016,,,,,,,,,,1600,2.73,0.96
Burundi,2014,,,,,,,,,,1600,2.92,1.03
Burundi,2012,,,,,,,,,,800,1.52,0.55
Burundi,2010,,,,,,,,,,800,1.84,0.65
Burundi,2008,,,,,,,,,,600,1.62,0.49
Côte d'Ivoire,2020,XOF,650,2.66,1.17,XOF,1000,4.09,1.81,XOF,700,2.87,1.26
Côte d'Ivoire,2018,,,,,,,,,,700,2.82,1.25
Côte d'Ivoire,2016,,,,,,,,,,700,2.77,1.19
Côte d'Ivoire,2014,,,,,,,,,,700,2.84,1.43
Côte d'Ivoire,2012,,,,,,,,,,700,2.9,1.31
Côte d'Ivoire,2010,,,,,,,,,,700,2.99,1.39
Côte d'Ivoire,2008,,,,,,,,,,700,3.16,1.49
Cabo Verde,2020,CVE,135,2.85,1.44,CVE,350,7.4,3.73,CVE,250,5.28,2.66
Cabo Verde,2018,,,,,,,,,,180,3.75,1.91
Cabo Verde,2016,,,,,,,,,,180,3.65,1.81
Cabo Verde,2014,,,,,,,,,,180,3.47,2.18
Cabo Verde,2012,,,,,,,,,,180,3.52,2.01
Cabo Verde,2010,,,,,,,,,,180,3.64,2.13
Cabo Verde,2008,,,,,,,,,,180,3.67,2.27
Cambodia,2020,KHR,800,0.55,0.19,KHR,6000,4.13,1.46,KHR,2100,1.44,0.51
Cambodia,2018,,,,,,,,,,2000,1.4,0.49
Cambodia,2016,,,,,,,,,,2000,1.43,0.49
Cambodia,2014,,,,,,,,,,1800,1.3,0.44
Cambodia,2012,,,,,,,,,,1700,1.27,0.42
Cambodia,2010,,,,,,,,,,0.33,0,0.33
Cambodia,2008,,,,,,,,,,0.3,0,0.3
Cameroon,2020,XAF,500,2.17,0.9,XAF,1000,4.33,1.81,XAF,700,3.03,1.26
Cameroon,2018,,,,,,,,,,600,2.6,1.07
Cameroon,2016,,,,,,,,,,500,2.11,0.85
Cameroon,2014,,,,,,,,,,500,2.09,1.02
Cameroon,2012,,,,,,,,,,500,2.06,0.94
Cameroon,2010,,,,,,,,,,500,2.11,0.99
Cameroon,2008,,,,,,,,,,500,2.14,1.06
Canada,2020,CAD,9.585,8.04,7.15,CAD,14.88,12.48,11.1,CAD,12.85,10.78,9.59
Canada,2018,,,,,,,,,,11.81,9.86,9.07
Canada,2016,,,,,,,,,,10.29,8.52,7.89
Canada,2014,,,,,,,,,,9.25,7.52,8.49
Canada,2012,,,,,,,,,,8.49,6.82,8.49
Canada,2010,,,,,,,,,,8.68,7.08,8.43
Canada,2008,,,,,,,,,,7.86,6.32,6.42
Central African Republic,2018,,,,,,,,,,550,1.94,0.98
Central African Republic,2014,,,,,,,,,,500,1.72,1.02
Central African Republic,2010,,,,,,,,,,312,1.24,0.62
Central African Republic,2008,,,,,,,,,,300,1.26,0.64
Chad,2020,XAF,500,2.16,0.9,XAF,750,3.24,1.35,XAF,500,2.16,0.9
Chad,2018,,,,,,,,,,1000,4.11,1.79
Chad,2016,,,,,,,,,,750,3.04,1.27
Chad,2014,,,,,,,,,,700,2.33,1.43
Chad,2012,,,,,,,,,,500,1.75,0.94
Chad,2010,,,,,,,,,,500,2.06,0.99
Chad,2008,,,,,,,,,,500,1.94,1.06
Chile,2020,CLP,1000,2.32,1.33,CLP,3500,8.12,4.64,CLP,3044,7.06,4.03
Chile,2018,,,,,,,,,,2700,6.57,4.23
Chile,2016,,,,,,,,,,2178,5.31,3.28
Chile,2014,,,,,,,,,,1701,4.63,2.98
Chile,2012,,,,,,,,,,1635,4.71,3.39
Chile,2010,,,,,,,,,,1188,3.45,2.27
Chile,2008,,,,,,,,,,1074,3.49,1.71
China,2020,CNY,3,0.71,0.43,CNY,50,11.79,7.16,CNY,15.29,3.6,2.19
China,2018,,,,,,,,,,14.07,3.33,2.06
China,2016,,,,,,,,,,12.84,3.22,1.93
China,2014,,,,,,,,,,11.61,3.09,1.88
China,2012,,,,,,,,,,10.57,2.97,1.67
China,2010,,,,,,,,,,7.57,2.28,1.12
China,2008,,,,,,,,,,6.44,2.02,0.94
Colombia,2020,COP,2201,1.57,0.59,COP,7154,5.1,1.91,COP,5152,3.67,1.38
Colombia,2018,,,,,,,,,,4003,2.98,1.39
Colombia,2016,,,,,,,,,,2726,2.12,0.88
Colombia,2014,,,,,,,,,,2479,2.03,1.32
Colombia,2012,,,,,,,,,,2269,1.89,1.27
Colombia,2010,,,,,,,,,,1880,1.68,1.02
Colombia,2008,,,,,,,,,,1769,1.67,0.8
Comoros,2020,KMF,400,2.05,0.96,KMF,1500,7.71,3.61,KMF,400,2.05,0.96
Comoros,2018,,,,,,,,,,400,2.13,0.95
Comoros,2016,,,,,,,,,,750,3.8,1.69
Comoros,2014,,,,,,,,,,500,2.42,1.36
Comoros,2012,,,,,,,,,,500,2.34,1.25
Comoros,2010,,,,,,,,,,500,2.3,1.32
Comoros,2008,,,,,,,,,,500,2.32,1.41
Congo,2020,XAF,500,1.7,0.9,XAF,1000,3.4,1.81,XAF,750,2.55,1.35
Congo,2018,,,,,,,,,,650,1.81,1.16
Congo,2016,,,,,,,,,,650,2.05,1.1
Congo,2014,,,,,,,,,,600,1.91,1.22
Congo,2012,,,,,,,,,,500,1.58,0.94
Congo,2010,,,,,,,,,,500,1.76,0.99
Congo,2008,,,,,,,,,,500,1.76,1.06
Cook Islands,2018,,,,,,,,,,24,,16.38
Cook Islands,2016,,,,,,,,,,21.7,,15.43
Cook Islands,2014,,,,,,,,,,19,,16.12
Cook Islands,2012,,,,,,,,,,12,,9.68
Cook Islands,2010,,,,,,,,,,8.2,,5.94
Cook Islands,2008,,,,,,,,,,8.2,,4.74
Costa Rica,2020,CRC,1500,4.29,2.56,CRC,2200,6.3,3.76,CRC,2200,6.3,3.76
Costa Rica,2018,,,,,,,,,,1900,5.41,3.35
Costa Rica,2016,,,,,,,,,,1700,4.82,3.09
Costa Rica,2014,,,,,,,,,,1600,4.4,2.97
Costa Rica,2012,,,,,,,,,,1300,3.67,2.6
Costa Rica,2010,,,,,,,,,,800,2.38,1.55
Costa Rica,2008,,,,,,,,,,750,2.56,1.35
Croatia,2020,HRK,21,6.39,3.29,HRK,32,9.73,5.02,HRK,25,7.6,3.92
Croatia,2018,,,,,,,,,,25,7.56,3.95
Croatia,2016,,,,,,,,,,24,7.1,3.57
Croatia,2014,,,,,,,,,,23,6.49,4.04
Croatia,2012,,,,,,,,,,20,5.46,3.27
Croatia,2010,,,,,,,,,,18,4.78,3.23
Croatia,2008,,,,,,,,,,15,4.06,2.91
Cuba,2018,,,,,,,,,,12.5,,12.5
Cuba,2016,,,,,,,,,,7,,7
Cuba,2014,,,,,,,,,,7,,7
Cuba,2012,,,,,,,,,,7,,7
Cuba,2008,,,,,,,,,,7,,0.3
Cyprus,2020,EUR,3.8,6.47,4.5,EUR,4.9,8.35,5.81,EUR,4.5,7.67,5.33
Cyprus,2018,,,,,,,,,,4.5,7.39,5.28
Cyprus,2016,,,,,,,,,,4.2,6.75,4.67
Cyprus,2014,,,,,,,,,,4,5.88,5.35
Cyprus,2012,,,,,,,,,,3.75,5.3,4.63
Cyprus,2010,,,,,,,,,,2.82,4.02,3.67
Cyprus,2008,,,,,,,,,,2.82,4.03,3.92
Czechia,2020,CZK,95,7.35,4.3,CZK,119,9.2,5.39,CZK,108,8.35,4.89
Czechia,2018,,,,,,,,,,94,7.58,4.31
Czechia,2016,,,,,,,,,,84,6.68,3.45
Czechia,2014,,,,,,,,,,72,5.67,3.49
Czechia,2012,,,,,,,,,,68,5.11,3.31
Czechia,2010,,,,,,,,,,63,4.62,3.31
Czechia,2008,,,,,,,,,,53,3.86,2.74
North Korea,2020,KPW,69,,0.65,KPW,304,,2.84,KPW,229,,2.14
North Korea,2018,,,,,,,,,,229,,2.16
North Korea,2016,,,,,,,,,,216.46,,2
North Korea,2014,,,,,,,,,,197.1,,2.01
North Korea,2008,,,,,,,,,,20,,0.14
Congo (Kinshasa),2020,CDF,1000,1.1,0.51,CDF,2500,2.75,1.26,CDF,1000,1.1,0.51
Congo (Kinshasa),2018,,,,,,,,,,1250,1.53,0.77
Congo (Kinshasa),2016,,,,,,,,,,1060,2.15,1.06
Congo (Kinshasa),2014,,,,,,,,,,750,1.42,0.81
Congo (Kinshasa),2012,,,,,,,,,,750,1.29,0.82
Congo (Kinshasa),2010,,,,,,,,,,700,1.47,0.78
Congo (Kinshasa),2008,,,,,,,,,,600,1.98,0.94
Denmark,2020,DKK,40,6.03,6.37,DKK,61,9.2,9.71,DKK,61,9.2,9.71
Denmark,2018,,,,,,,,,,44.5,6.59,7.01
Denmark,2016,,,,,,,,,,44,6.21,6.57
Denmark,2014,,,,,,,,,,44,6,7.89
Denmark,2012,,,,,,,,,,40,5.29,6.6
Denmark,2010,,,,,,,,,,37,4.89,6.47
Denmark,2008,,,,,,,,,,32,4.3,6.05
Djibouti,2016,,,,,,,,,,200,1.88,1.13
Djibouti,2014,,,,,,,,,,200,1.96,1.13
Djibouti,2012,,,,,,,,,,200,2.04,1.13
Djibouti,2010,,,,,,,,,,200,2.2,1.13
Djibouti,2008,,,,,,,,,,180,2.05,1.01
Dominica,2020,XCD,5,2.9,1.85,XCD,5.78,3.35,2.14,XCD,5,2.9,1.85
Dominica,2018,,,,,,,,,,4.6,2.67,1.7
Dominica,2016,,,,,,,,,,4.3,2.35,1.59
Dominica,2014,,,,,,,,,,4.25,2.35,1.57
Dominica,2012,,,,,,,,,,4.25,2.29,1.57
Dominica,2010,,,,,,,,,,3.5,1.86,1.3
Dominica,2008,,,,,,,,,,3.5,1.98,1.3
Dominican Republic,2020,DOP,250,11.08,4.28,DOP,330,14.63,5.64,DOP,300,13.3,5.13
Dominican Republic,2018,,,,,,,,,,200,9.1,4.03
Dominican Republic,2016,,,,,,,,,,150,7.2,3.26
Dominican Republic,2014,,,,,,,,,,150,7.02,3.43
Dominican Republic,2012,,,,,,,,,,130,6.44,3.32
Dominican Republic,2010,,,,,,,,,,120,6.69,3.24
Dominican Republic,2008,,,,,,,,,,100,5.97,2.82
Ecuador,2020,USD,5.1,10.18,5.1,USD,5.7,11.38,5.7,USD,5.7,11.38,5.7
Ecuador,2018,,,,,,,,,,5.4,10.15,5.4
Ecuador,2016,,,,,,,,,,5.2,9.47,5.2
Ecuador,2014,,,,,,,,,,3.1,5.7,3.1
Ecuador,2012,,,,,,,,,,2.6,4.72,2.6
Ecuador,2010,,,,,,,,,,1.7,3.33,1.7
Ecuador,2008,,,,,,,,,,1.7,3.54,1.7
Egypt,2020,EGP,16.5,3.66,1.04,EGP,43,9.55,2.7,EGP,17,3.78,1.07
Egypt,2018,,,,,,,,,,16,4.13,0.9
Egypt,2016,,,,,,,,,,10,3.9,1.13
Egypt,2014,,,,,,,,,,8,3.7,1.12
Egypt,2012,,,,,,,,,,6,3.43,0.99
Egypt,2010,,,,,,,,,,4,2.61,0.7
Egypt,2008,,,,,,,,,,2.75,2.16,0.49
El Salvador,2020,USD,2.85,6.26,2.85,USD,3.69,8.11,3.69,USD,3.17,6.97,3.17
El Salvador,2018,,,,,,,,,,2.89,6.27,2.89
El Salvador,2016,,,,,,,,,,2,4.23,2
El Salvador,2014,,,,,,,,,,2,4.03,2
El Salvador,2012,,,,,,,,,,1.95,3.72,1.95
El Salvador,2010,,,,,,,,,,1.75,3.59,1.75
El Salvador,2008,,,,,,,,,,1.4,2.89,1.4
Equatorial Guinea,2020,XOF,,,,,750,3.26,1.35,XAF,500,2.17,0.9
Equatorial Guinea,2018,,,,,,,,,,500,1.81,0.89
Equatorial Guinea,2016,,,,,,,,,,500,1.87,0.85
Equatorial Guinea,2014,,,,,,,,,,500,1.76,1.02
Equatorial Guinea,2012,,,,,,,,,,500,1.69,0.94
Equatorial Guinea,2010,,,,,,,,,,500,1.93,0.99
Equatorial Guinea,2008,,,,,,,,,,500,1.87,1.06
Eritrea,2018,,,,,,,,,,100,20.09,6.5
Eritrea,2016,,,,,,,,,,100,17.21,6.67
Eritrea,2014,,,,,,,,,,60,9.88,3.9
Eritrea,2012,,,,,,,,,,40,6.26,2.6
Eritrea,2010,,,,,,,,,,30,5,1.95
Eritrea,2008,,,,,,,,,,25,5.66,1.63
Estonia,2020,EUR,3.75,6.91,4.44,EUR,5.2,9.58,6.16,EUR,4,7.37,4.74
Estonia,2018,,,,,,,,,,3.5,6.45,4.11
Estonia,2016,,,,,,,,,,3.8,7.2,4.22
Estonia,2014,,,,,,,,,,3.5,6.64,4.68
Estonia,2012,,,,,,,,,,3.1,5.95,3.83
Estonia,2010,,,,,,,,,,31.91,3.53,2.66
Estonia,2008,,,,,,,,,,32.18,3.49,2.9
Swaziland,2020,,,,,,,,,SZL,43,6.44,2.57
Swaziland,2018,,,,,,,,,,38.4,6.16,2.93
Swaziland,2016,,,,,,,,,,36,6.22,2.54
Swaziland,2014,,,,,,,,,,35,7.03,3.27
Swaziland,2010,,,,,,,,,,27.5,7,3.75
Swaziland,2008,,,,,,,,,,27.5,7.78,2.96
Ethiopia,2020,ETB,25,2.03,0.72,ETB,60,4.88,1.72,ETB,40,3.25,1.15
Ethiopia,2018,,,,,,,,,,15,1.62,0.55
Ethiopia,2016,,,,,,,,,,15,1.86,0.69
Ethiopia,2014,,,,,,,,,,15,2.1,0.76
Ethiopia,2012,,,,,,,,,,8,1.2,0.45
Ethiopia,2010,,,,,,,,,,7,1.63,0.55
Ethiopia,2008,,,,,,,,,,4.35,1.26,0.44
Fiji,2020,FJD,15,16.56,7.07,FJD,17.4,19.21,8.2,FJD,17.4,19.21,8.2
Fiji,2018,,,,,,,,,,14.2,15.35,6.76
Fiji,2016,,,,,,,,,,12,12.81,5.77
Fiji,2014,,,,,,,,,,7.8,8.37,4.21
Fiji,2012,,,,,,,,,,7.2,7.74,4.02
Fiji,2008,,,,,,,,,,4.6,5.39,2.61
Finland,2020,EUR,7.7,8.96,9.12,EUR,8.6,10.01,10.19,EUR,8.65,10.07,10.25
Finland,2018,,,,,,,,,,7.22,8.41,8.47
Finland,2016,,,,,,,,,,6.12,6.95,6.8
Finland,2014,,,,,,,,,,5.47,6.03,7.31
Finland,2012,,,,,,,,,,4.89,5.39,6.04
Finland,2010,,,,,,,,,,4.32,4.84,5.63
Finland,2008,,,,,,,,,,4.07,4.56,5.66
France,2020,EUR,8.95,11.84,10.6,EUR,10,13.23,11.85,EUR,10,13.23,11.85
France,2018,,,,,,,,,,8,10.58,9.39
France,2016,,,,,,,,,,7,8.97,7.78
France,2014,,,,,,,,,,7,8.66,9.37
France,2012,,,,,,,,,,6.2,7.35,7.65
France,2010,,,,,,,,,,5.6,6.58,7.3
France,2008,,,,,,,,,,5.3,6.18,7.38
Gabon,2020,XAF,500,1.89,0.9,XAF,1000,3.77,1.81,XAF,1000,3.77,1.81
Gabon,2018,,,,,,,,,,1000,3.42,1.79
Gabon,2016,,,,,,,,,,1000,3.45,1.69
Gabon,2014,,,,,,,,,,1000,3.22,2.04
Gabon,2012,,,,,,,,,,1000,3.06,1.87
Gabon,2010,,,,,,,,,,1000,3.39,1.99
Gabon,2008,,,,,,,,,,1000,3.28,2.12
Gambia,2020,GMD,50,2.88,0.96,GMD,80,4.6,1.54,GMD,70,4.03,1.35
Gambia,2018,,,,,,,,,,60,3.76,1.25
Gambia,2016,,,,,,,,,,40,2.76,0.96
Gambia,2014,,,,,,,,,,30,2.4,0.71
Gambia,2012,,,,,,,,,,15,1.38,0.46
Gambia,2010,,,,,,,,,,10,1.01,0.35
Gambia,2008,,,,,,,,,,10,1.09,0.36
Georgia,2020,GEL,2.5,2.81,0.81,GEL,6.5,7.3,2.12,GEL,5,5.62,1.63
Georgia,2018,,,,,,,,,,3.7,4.51,1.51
Georgia,2016,,,,,,,,,,2.5,3.34,1.06
Georgia,2014,,,,,,,,,,2.2,3.04,1.26
Georgia,2012,,,,,,,,,,1.9,2.56,1.14
Georgia,2010,,,,,,,,,,1.8,2.36,0.98
Georgia,2008,,,,,,,,,,1.8,2.52,1.08
Germany,2020,EUR,5.5,7.41,6.52,EUR,7,9.43,8.29,EUR,7,9.43,8.29
Germany,2018,,,,,,,,,,6.4,8.71,7.51
Germany,2016,,,,,,,,,,6,7.97,6.67
Germany,2014,,,,,,,,,,5.47,7.12,7.32
Germany,2012,,,,,,,,,,5.26,6.69,6.5
Germany,2010,,,,,,,,,,4.95,6.21,6.45
Germany,2008,,,,,,,,,,4.71,5.94,6.55
Ghana,2020,GHS,2,0.9,0.35,GHS,10,4.52,1.76,GHS,5,2.26,0.88
Ghana,2018,,,,,,,,,,4.99,2.63,1.06
Ghana,2016,,,,,,,,,,4.99,3.23,1.26
Ghana,2014,,,,,,,,,,2.5,2.39,0.82
Ghana,2012,,,,,,,,,,2,2.61,1.06
Ghana,2010,,,,,,,,,,2,3.24,1.39
Ghana,2008,,,,,,,,,,1.5,3.18,1.9
Greece,2020,EUR,3.7,6.76,4.38,EUR,4.65,8.5,5.51,EUR,4.65,8.5,5.51
Greece,2018,,,,,,,,,,4.6,8.13,5.4
Greece,2016,,,,,,,,,,4,6.79,4.45
Greece,2014,,,,,,,,,,4,6.55,5.35
Greece,2012,,,,,,,,,,3.7,5.4,4.57
Greece,2010,,,,,,,,,,3.2,4.43,4.17
Greece,2008,,,,,,,,,,3,4.21,4.18
Grenada,2018,,,,,,,,,,8.9,5.41,3.3
Grenada,2016,,,,,,,,,,8.6,4.97,3.19
Grenada,2014,,,,,,,,,,7.5,4.33,2.78
Grenada,2010,,,,,,,,,,7.5,4.16,2.78
Grenada,2008,,,,,,,,,,6,3.28,2.22
Guatemala,2020,GTQ,15.5,3.91,2.01,GTQ,23.49,5.92,3.05,GTQ,20.5,5.17,2.66
Guatemala,2018,,,,,,,,,,20,5.14,2.67
Guatemala,2016,,,,,,,,,,19,4.92,2.51
Guatemala,2014,,,,,,,,,,18,4.78,2.31
Guatemala,2012,,,,,,,,,,14,3.84,1.79
Guatemala,2010,,,,,,,,,,13.59,3.87,1.7
Guatemala,2008,,,,,,,,,,10,2.97,1.29
Guinea,2020,GNF,4000,1.01,0.42,GNF,10000,2.52,1.04,GNF,5000,1.26,0.52
Guinea,2016,,,,,,,,,,3500,1.11,0.39
Guinea,2012,,,,,,,,,,3000,1.08,0.43
Guinea,2010,,,,,,,,,,2000,0.86,0.39
Guinea,2008,,,,,,,,,,2000,1.01,0.39
Guinea-Bissau,2020,,400,2.09,0.72,XOF,,,,,,,
Guinea-Bissau,2018,,,,,,,,,,500,2.43,0.89
Guinea-Bissau,2016,,,,,,,,,,500,2.23,0.85
Guinea-Bissau,2014,,,,,,,,,,300,1.34,0.61
Guinea-Bissau,2012,,,,,,,,,,300,1.29,0.56
Guinea-Bissau,2010,,,,,,,,,,300,1.38,0.6
Guinea-Bissau,2008,,,,,,,,,,300,1.37,0.64
Guyana,2020,GYD,270,2.6,1.29,GYD,679,6.53,3.26,GYD,380,3.65,1.82
Guyana,2018,,,,,,,,,,380,3.8,1.82
Guyana,2016,,,,,,,,,,350,3.29,1.69
Guyana,2014,,,,,,,,,,300,2.94,1.45
Guyana,2012,,,,,,,,,,300,2.86,1.47
Guyana,2010,,,,,,,,,,300,3.21,1.47
Guyana,2008,,,,,,,,,,240,2.71,1.17
Haiti,2016,,,,,,,,,,84,3.33,1.32
Honduras,2020,HNL,25,2.3,1.01,HNL,55,5.06,2.23,HNL,55,5.06,2.23
Honduras,2018,,,,,,,,,,50,4.85,2.09
Honduras,2016,,,,,,,,,,44,4.23,1.92
Honduras,2014,,,,,,,,,,36,3.46,1.72
Honduras,2012,,,,,,,,,,33.35,3.22,1.76
Honduras,2010,,,,,,,,,,27,2.84,1.43
Honduras,2008,,,,,,,,,,18,2.09,0.95
Hungary,2020,HUF,999,6.98,3.44,HUF,1485,10.38,5.11,HUF,1485,10.38,5.11
Hungary,2018,,,,,,,,,,1245,9.08,4.54
Hungary,2016,,,,,,,,,,1152.01,8.72,4.09
Hungary,2014,,,,,,,,,,1000,7.73,4.29
Hungary,2012,,,,,,,,,,757.89,6.03,3.33
Hungary,2010,,,,,,,,,,610.53,4.92,2.8
Hungary,2008,,,,,,,,,,568.42,4.79,3.02
Iceland,2020,ISK,1079,7.56,8.01,ISK,1449,10.15,10.75,ISK,1449,10.15,10.75
Iceland,2018,,,,,,,,,,1359,9.89,12.98
Iceland,2016,,,,,,,,,,1271,9.08,10.65
Iceland,2014,,,,,,,,,,1219,8.8,10.59
Iceland,2012,,,,,,,,,,998,7.29,8.25
Iceland,2010,,,,,,,,,,900,6.73,7.47
Iceland,2008,,,,,,,,,,665,5.75,5.52
India,2020,INR,130,5.92,1.74,INR,330,15.04,4.41,INR,190,8.66,2.54
India,2018,,,,,,,,,,190,9.01,2.77
India,2016,,,,,,,,,,158,7.94,2.36
India,2014,,,,,,,,,,138,7.51,2.29
India,2012,,,,,,,,,,98,6.06,1.76
India,2010,,,,,,,,,,70,4.64,1.51
India,2008,,,,,,,,,,58,4.36,1.2
Indonesia,2020,IDR,13333.33,2.79,0.91,IDR,33000,6.9,2.25,IDR,30625,6.4,2.09
Indonesia,2018,,,,,,,,,,29466.25,6.19,2.04
Indonesia,2016,,,,,,,,,,21666.67,4.8,1.65
Indonesia,2014,,,,,,,,,,18333.33,4.55,1.58
Indonesia,2012,,,,,,,,,,16666.67,4.67,1.76
Indonesia,2010,,,,,,,,,,13125,3.93,1.47
Indonesia,2008,,,,,,,,,,12500,4.18,1.14
Iran,2020,IRR,50000,1.67,1.19,IRR,200000,6.68,4.76,IRR,180000,6.01,4.29
Iran,2018,,,,,,,,,,45000,2.71,1.02
Iran,2016,,,,,,,,,,18000,1.53,0.58
Iran,2014,,,,,,,,,,15000,1.54,0.57
Iran,2012,,,,,,,,,,12000,1.97,0.98
Iran,2010,,,,,,,,,,4739,1.21,0.46
Iran,2008,,,,,,,,,,4739,1.44,0.48
Iraq,2020,IQD,500,0.95,0.42,IQD,3000,5.69,2.54,IQD,500,0.95,0.42
Iraq,2018,,,,,,,,,,500,0.79,0.42
Iraq,2016,,,,,,,,,,500,0.88,0.42
Iraq,2014,,,,,,,,,,500,0.9,0.43
Iraq,2012,,,,,,,,,,500,0.95,0.43
Iraq,2010,,,,,,,,,,500,1.17,0.43
Iraq,2008,,,,,,,,,,500,1.07,0.42
Ireland,2020,EUR,11.1,14.23,13.15,EUR,13.6,17.44,16.11,EUR,13.5,17.31,15.99
Ireland,2018,,,,,,,,,,12.2,15.74,14.32
Ireland,2016,,,,,,,,,,10.8,13.6,12
Ireland,2014,,,,,,,,,,9.6,11.72,12.84
Ireland,2012,,,,,,,,,,9.1,11.06,11.23
Ireland,2010,,,,,,,,,,8.55,10.23,11.14
Ireland,2008,,,,,,,,,,8.05,8.76,11.2
Israel,2020,ILS,29,7.89,8.51,ILS,39,10.61,11.44,ILS,34,9.25,9.98
Israel,2018,,,,,,,,,,36,9.72,9.83
Israel,2016,,,,,,,,,,35.6,9.4,9.3
Israel,2014,,,,,,,,,,30,7.61,8.75
Israel,2012,,,,,,,,,,23,5.82,5.75
Israel,2010,,,,,,,,,,21,5.32,5.56
Israel,2008,,,,,,,,,,19,4.99,5
Italy,2020,EUR,4.3,6.43,5.09,EUR,6.2,9.27,7.35,EUR,5.9,8.82,6.99
Italy,2018,,,,,,,,,,5.5,8.14,6.45
Italy,2016,,,,,,,,,,5.2,7.42,5.78
Italy,2014,,,,,,,,,,5,6.76,6.69
Italy,2012,,,,,,,,,,5,6.68,6.17
Italy,2010,,,,,,,,,,3.7,4.86,4.82
Italy,2008,,,,,,,,,,3.6,4.73,5.01
Jamaica,2020,JMD,842.95,11.63,5.72,JMD,1351.25,18.65,9.16,JMD,1219,16.82,8.27
Jamaica,2018,,,,,,,,,,1223,17.66,9.1
Jamaica,2016,,,,,,,,,,990.3,15.03,7.85
Jamaica,2014,,,,,,,,,,800,12.75,7.1
Jamaica,2012,,,,,,,,,,660,11.69,7.38
Jamaica,2010,,,,,,,,,,580,11.2,6.75
Jamaica,2008,,,,,,,,,,404.95,9.32,5.05
Japan,2020,JPY,420,4.18,4.02,JPY,510,5.07,4.88,JPY,510,5.07,4.88
Japan,2018,,,,,,,,,,440,4.28,3.97
Japan,2016,,,,,,,,,,440,4.17,4.23
Japan,2014,,,,,,,,,,430,4.17,4.18
Japan,2012,,,,,,,,,,410,3.93,5.25
Japan,2010,,,,,,,,,,300,2.69,3.47
Japan,2008,,,,,,,,,,300,2.57,3.31
Jordan,2020,JOD,1.6,5.41,2.25,JOD,2.4,8.11,3.38,JOD,2.25,7.6,3.17
Jordan,2018,,,,,,,,,,2,6.71,2.82
Jordan,2016,,,,,,,,,,1.3,4.14,1.83
Jordan,2014,,,,,,,,,,1.2,3.76,1.69
Jordan,2012,,,,,,,,,,1.1,3.64,1.55
Jordan,2010,,,,,,,,,,0.95,3.39,1.34
Jordan,2008,,,,,,,,,,0.85,3.32,1.2
Kazakhstan,2020,KZT,440,3.25,1.05,KZT,570,4.21,1.36,KZT,440,3.25,1.05
Kazakhstan,2018,,,,,,,,,,360,2.78,1.04
Kazakhstan,2016,,,,,,,,,,290,2.62,0.82
Kazakhstan,2014,,,,,,,,,,210,2.26,1.15
Kazakhstan,2012,,,,,,,,,,130,1.55,0.87
Kazakhstan,2010,,,,,,,,,,100,1.44,0.68
Kazakhstan,2008,,,,,,,,,,90,1.59,0.75
Kenya,2020,KES,125,2.85,1.16,KES,500,11.42,4.64,KES,250,5.71,2.32
Kenya,2018,,,,,,,,,,130,3.23,1.29
Kenya,2016,,,,,,,,,,130,3.3,1.28
Kenya,2014,,,,,,,,,,100,2.61,1.14
Kenya,2012,,,,,,,,,,90,2.37,1.07
Kenya,2010,,,,,,,,,,100,3.07,1.25
Kenya,2008,,,,,,,,,,80,2.74,1.03
Kiribati,2020,AUD,4,3.57,2.89,AUD,6,5.36,4.33,AUD,6,5.36,4.33
Kiribati,2018,,,,,,,,,,6,5.5,4.46
Kiribati,2016,,,,,,,,,,6,5.6,4.51
Kiribati,2014,,,,,,,,,,4.8,4.55,4.48
Kiribati,2012,,,,,,,,,,4.8,4.61,5.05
Kiribati,2010,,,,,,,,,,6.4,5.99,5.75
Kiribati,2008,,,,,,,,,,6.4,5.96,4.43
Kuwait,2020,KWD,0.3,1.86,0.98,KWD,0.85,5.28,2.78,KWD,0.85,5.28,2.78
Kuwait,2018,,,,,,,,,,0.85,4.27,2.81
Kuwait,2016,,,,,,,,,,0.75,4.01,2.48
Kuwait,2014,,,,,,,,,,0.75,4.19,2.65
Kuwait,2012,,,,,,,,,,0.65,3.69,2.32
Kuwait,2010,,,,,,,,,,0.47,3.13,0.14
Kuwait,2008,,,,,,,,,,0.47,2.83,1.7
Kyrgyzstan,2020,KGS,50,2.8,0.65,KGS,92,5.16,1.2,KGS,83,4.65,1.08
Kyrgyzstan,2018,,,,,,,,,,66,3.84,0.97
Kyrgyzstan,2016,,,,,,,,,,55,3.29,0.81
Kyrgyzstan,2014,,,,,,,,,,35,2.18,0.68
Kyrgyzstan,2012,,,,,,,,,,24,1.57,0.51
Kyrgyzstan,2010,,,,,,,,,,23,1.75,0.49
Kyrgyzstan,2008,,,,,,,,,,22,1.88,0.56
Laos,2020,LAK,4000,1.35,0.44,LAK,15000,5.07,1.66,LAK,7000,2.37,0.77
Laos,2018,,,,,,,,,,7000,2.52,0.81
Laos,2016,,,,,,,,,,7000,2.54,0.86
Laos,2014,,,,,,,,,,8000,2.92,0.99
Laos,2012,,,,,,,,,,6000,2.29,0.75
Laos,2010,,,,,,,,,,5000,1.97,0.61
Laos,2008,,,,,,,,,,5000,1.99,0.57
Latvia,2020,EUR,3.25,6.59,3.85,EUR,4,8.11,4.74,EUR,3.7,7.51,4.38
Latvia,2018,,,,,,,,,,3.5,7.11,4.11
Latvia,2016,,,,,,,,,,3,6.19,3.33
Latvia,2014,,,,,,,,,,3,6.02,4.01
Latvia,2012,,,,,,,,,,1.8,3.56,3.16
Latvia,2010,,,,,,,,,,1.52,3.18,2.81
Latvia,2008,,,,,,,,,,1.48,2.73,2.99
Lebanon,2020,LBP,2500,2.11,1.66,LBP,9500,8,6.3,LBP,2500,2.11,1.66
Lebanon,2018,,,,,,,,,,1000,1.32,0.66
Lebanon,2016,,,,,,,,,,3250,4.38,2.16
Lebanon,2014,,,,,,,,,,3250,4.21,2.16
Lebanon,2012,,,,,,,,,,2750,3.4,1.82
Lebanon,2010,,,,,,,,,,2250,2.88,1.49
Lebanon,2008,,,,,,,,,,2000,2.78,1.33
Lesotho,2020,,,,,,,,,LSL,46.35,7.81,2.77
Lesotho,2018,,,,,,,,,,41,7.23,3.13
Lesotho,2014,,,,,,,,,,34.99,7.57,3.27
Lesotho,2012,,,,,,,,,,32,7.32,3.91
Lesotho,2010,,,,,,,,,,28,7.19,3.82
Lesotho,2008,,,,,,,,,,22,5.86,2.36
Liberia,2020,LRD,280,3.31,1.41,LRD,360,4.25,1.81,LRD,280,3.31,1.41
Liberia,2018,,,,,,,,,,120,1.84,0.81
Liberia,2016,,,,,,,,,,60,1.24,0.64
Liberia,2014,,,,,,,,,,60,1.31,0.69
Liberia,2012,,,,,,,,,,65,1.58,0.88
Liberia,2010,,,,,,,,,,50,1.38,0.69
Liberia,2008,,,,,,,,,,50,1.58,0.78
Libya,2020,LYD,2,2.09,1.45,LYD,17,17.75,12.28,LYD,3.5,3.65,2.53
Libya,2018,,,,,,,,,,2.5,3.63,1.82
Libya,2016,,,,,,,,,,2,3.96,1.44
Libya,2014,,,,,,,,,,3,5.22,2.38
Libya,2012,,,,,,,,,,1.5,2.22,1.18
Libya,2010,,,,,,,,,,1,2.22,1.31
Libya,2008,,,,,,,,,,1,2.11,0.8
Lithuania,2020,EUR,3.55,7.87,4.21,EUR,4.15,9.2,4.92,EUR,4.15,9.2,4.92
Lithuania,2018,,,,,,,,,,3.75,8.41,4.4
Lithuania,2016,,,,,,,,,,3.1,7.08,3.45
Lithuania,2014,,,,,,,,,,9.4,5.34,3.65
Lithuania,2012,,,,,,,,,,8.5,4.86,3.02
Lithuania,2010,,,,,,,,,,7.6,4.55,2.87
Lithuania,2008,,,,,,,,,,5,2.89,2.04
Luxembourg,2020,EUR,4.3,5.06,5.09,EUR,5.4,6.36,6.4,EUR,5.4,6.36,6.4
Luxembourg,2018,,,,,,,,,,5.3,6.27,6.22
Luxembourg,2016,,,,,,,,,,5.2,6.1,5.78
Luxembourg,2014,,,,,,,,,,5,5.66,6.69
Luxembourg,2012,,,,,,,,,,4.6,5.07,5.68
Luxembourg,2010,,,,,,,,,,3.68,4.17,4.79
Luxembourg,2008,,,,,,,,,,3.2,3.74,4.45
Madagascar,2020,MGA,2200,1.94,0.58,MGA,5500,4.84,1.45,MGA,4000,3.52,1.05
Madagascar,2018,,,,,,,,,,4000,3.76,1.22
Madagascar,2016,,,,,,,,,,4000,4.25,1.35
Madagascar,2014,,,,,,,,,,3000,3.64,1.22
Madagascar,2012,,,,,,,,,,2000,2.69,0.88
Madagascar,2010,,,,,,,,,,2000,3.11,0.92
Madagascar,2008,,,,,,,,,,1400,2.52,0.75
Malawi,2020,MWK,200,0.66,0.27,MWK,1645,5.46,2.21,MWK,530,1.76,0.71
Malawi,2014,,,,,,,,,,800,5.47,2.01
Malawi,2012,,,,,,,,,,500,5.3,1.82
Malawi,2008,,,,,,,,,,150,2.53,1.03
Malaysia,2020,MYR,12,7.67,2.83,MYR,17.4,11.13,4.1,MYR,17.4,11.13,4.1
Malaysia,2018,,,,,,,,,,17,10.45,4.19
Malaysia,2016,,,,,,,,,,17,10.66,4.19
Malaysia,2014,,,,,,,,,,12,7.97,3.76
Malaysia,2012,,,,,,,,,,10,6.88,3.18
Malaysia,2010,,,,,,,,,,10,7.04,3.14
Malaysia,2008,,,,,,,,,,9,6.06,2.6
Maldives,2020,MVR,100,11.96,6.49,MVR,120,14.35,7.79,MVR,100,11.96,6.49
Maldives,2018,,,,,,,,,,68,8.11,4.41
Maldives,2016,,,,,,,,,,47,5.78,3.05
Maldives,2014,,,,,,,,,,38,4.65,2.47
Maldives,2012,,,,,,,,,,37,4.54,2.41
Maldives,2010,,,,,,,,,,19,2.67,1.48
Maldives,2008,,,,,,,,,,19,,1.48
Mali,2020,XOF,250,1.17,0.45,XOF,800,3.75,1.44,XOF,800,3.75,1.44
Mali,2018,,,,,,,,,,800,3.8,1.43
Mali,2016,,,,,,,,,,800,3.79,1.36
Mali,2014,,,,,,,,,,700,3.2,1.43
Mali,2012,,,,,,,,,,700,3.11,1.31
Mali,2010,,,,,,,,,,700,3.58,1.39
Mali,2008,,,,,,,,,,700,3.83,1.49
Malta,2020,EUR,4.7,8.13,5.57,EUR,5.5,9.52,6.52,EUR,5.5,9.52,6.52
Malta,2018,,,,,,,,,,5.5,9.55,6.45
Malta,2016,,,,,,,,,,5.3,9.09,5.89
Malta,2014,,,,,,,,,,4.8,8.19,6.42
Malta,2012,,,,,,,,,,4.2,7.24,5.19
Malta,2010,,,,,,,,,,4,6.9,5.21
Malta,2008,,,,,,,,,,3.59,6.41,5
Marshall Islands,2020,,,,,,,,,USD,2.5,2.33,2.5
Marshall Islands,2018,,,,,,,,,,2.5,2.27,2.5
Marshall Islands,2016,,,,,,,,,,2.5,2.23,2.5
Marshall Islands,2014,,,,,,,,,,2.14,1.98,2.14
Marshall Islands,2012,,,,,,,,,,3.5,3.06,3.5
Marshall Islands,2010,,,,,,,,,,2.75,2.69,2.75
Marshall Islands,2008,,,,,,,,,,2.5,2.33,2.5
Mauritania,2020,MRU,30,2.53,0.8,MRU,120,10.13,3.21,MRU,40,3.38,1.07
Mauritania,2018,,,,,,,,,,40,3.62,1.12
Mauritania,2016,,,,,,,,,,300,2.6,0.86
Mauritania,2014,,,,,,,,,,500,4.23,1.74
Mauritania,2012,,,,,,,,,,400,3.29,1.32
Mauritania,2010,,,,,,,,,,400,3.85,1.51
Mauritania,2008,,,,,,,,,,350,4.04,1.35
Mauritius,2020,MUR,137,8.1,3.43,MUR,240,14.19,6,MUR,150,8.87,3.75
Mauritius,2018,,,,,,,,,,145,8.67,4.25
Mauritius,2016,,,,,,,,,,130,7.82,3.68
Mauritius,2014,,,,,,,,,,125,7.43,4.1
Mauritius,2012,,,,,,,,,,105,6.38,3.4
Mauritius,2010,,,,,,,,,,75,4.78,2.48
Mauritius,2008,,,,,,,,,,65,4.08,2.05
Mexico,2020,MXN,55,5.87,2.5,MXN,66,7.04,3,MXN,66,7.04,3
Mexico,2018,,,,,,,,,,50,5.5,2.7
Mexico,2016,,,,,,,,,,47.39,5.61,2.51
Mexico,2014,,,,,,,,,,45,5.59,3.45
Mexico,2012,,,,,,,,,,40,5.09,3.01
Mexico,2010,,,,,,,,,,30,4.05,2.37
Mexico,2008,,,,,,,,,,28,4.03,2.07
Micronesia,2020,USD,2,1.79,2,USD,6,5.37,6,USD,3.75,3.35,3.75
Micronesia,2018,,,,,,,,,,3.5,3.06,3.5
Micronesia,2016,,,,,,,,,,2.5,2.47,2.5
Micronesia,2014,,,,,,,,,,2.12,2.02,2.12
Micronesia,2012,,,,,,,,,,2,1.91,2
Micronesia,2010,,,,,,,,,,1.5,1.5,1.5
Micronesia,2008,,,,,,,,,,1.5,1.6,1.5
Monaco,2020,EUR,9.3,,11.02,EUR,10,,11.85,EUR,10,,11.85
Monaco,2010,,,,,,,,,,5.6,,7.3
Mongolia,2020,MNT,2200,2.35,0.77,MNT,5500,5.89,1.93,MNT,2300,2.46,0.81
Mongolia,2018,,,,,,,,,,2000,2.39,0.81
Mongolia,2016,,,,,,,,,,1700,2.33,0.82
Mongolia,2014,,,,,,,,,,1600,2.34,0.86
Mongolia,2012,,,,,,,,,,800,1.38,0.59
Mongolia,2010,,,,,,,,,,800,1.69,0.59
Mongolia,2008,,,,,,,,,,500,1.47,0.39
Montenegro,2020,EUR,2.1,6.03,2.49,EUR,3.3,9.48,3.91,EUR,2.3,6.61,2.73
Montenegro,2018,,,,,,,,,,2.5,7.08,2.93
Montenegro,2016,,,,,,,,,,1.7,4.87,1.89
Montenegro,2014,,,,,,,,,,1.3,3.59,1.74
Montenegro,2012,,,,,,,,,,1,2.7,1.23
Montenegro,2010,,,,,,,,,,0.65,1.77,0.85
Montenegro,2008,,,,,,,,,,0.5,1.39,0.7
Morocco,2020,MAD,19,4.88,2.03,MAD,37,9.5,3.95,MAD,21,5.39,2.24
Morocco,2018,,,,,,,,,,20.5,5.16,2.18
Morocco,2016,,,,,,,,,,20.5,5.13,2.1
Morocco,2014,,,,,,,,,,19.5,4.83,2.34
Morocco,2012,,,,,,,,,,17.5,4.67,1.96
Morocco,2010,,,,,,,,,,17.5,4.64,2.06
Morocco,2008,,,,,,,,,,17.5,4.6,2.16
Mozambique,2020,MZN,20,0.82,0.28,MZN,80,3.28,1.13,MZN,60,2.46,0.85
Mozambique,2018,,,,,,,,,,50,2.17,0.86
Mozambique,2016,,,,,,,,,,35,1.76,0.51
Mozambique,2014,,,,,,,,,,30,1.62,0.98
Mozambique,2012,,,,,,,,,,25,1.39,0.88
Mozambique,2010,,,,,,,,,,20,1.2,0.54
Mozambique,2008,,,,,,,,,,15,0.96,0.6
Myanmar,2020,MMK,400,0.97,0.29,MMK,1900,4.6,1.39,MMK,1250,3.02,0.91
Myanmar,2018,,,,,,,,,,800,2.12,0.56
Myanmar,2016,,,,,,,,,,850,2.45,0.72
Myanmar,2014,,,,,,,,,,650,2.21,0.67
Myanmar,2012,,,,,,,,,,650,2.43,0.74
Myanmar,2010,,,,,,,,,,650,2.66,
Myanmar,2008,,,,,,,,,,1050,4.89,
Namibia,2020,NAD,30,4.13,1.79,NAD,60,8.26,3.58,NAD,60,8.26,3.58
Namibia,2018,,,,,,,,,,50,6.99,3.8
Namibia,2016,,,,,,,,,,44,6.86,3.11
Namibia,2014,,,,,,,,,,40,7.06,3.74
Namibia,2012,,,,,,,,,,29.49,5.66,3.61
Namibia,2010,,,,,,,,,,26.95,5.79,3.67
Namibia,2008,,,,,,,,,,23,5.37,2.47
Nauru,2020,,18,13.45,12.98,AUD,,,,AUD,18,13.45,12.98
Nauru,2018,,,,,,,,,,13,9.86,9.66
Nauru,2016,,,,,,,,,,11,9.32,8.27
Nauru,2010,,,,,,,,,,4.96,4.5,4.46
Nauru,2008,,,,,,,,,,4.4,4.18,3.05
Nepal,2020,NPR,50,1.4,0.41,NPR,280,7.85,2.32,NPR,280,7.85,2.32
Nepal,2018,,,,,,,,,,216,6.66,1.97
Nepal,2016,,,,,,,,,,180,5.63,1.68
Nepal,2014,,,,,,,,,,132,4.69,1.37
Nepal,2012,,,,,,,,,,95,3.65,1.07
Nepal,2010,,,,,,,,,,85,3.65,1.14
Nepal,2008,,,,,,,,,,65,3.66,0.84
Netherlands (Kingdom of the),2020,EUR,6.5,8.27,7.7,EUR,8,10.18,9.48,EUR,8,10.18,9.48
Netherlands (Kingdom of the),2018,,,,,,,,,,7,8.99,8.22
Netherlands (Kingdom of the),2016,,,,,,,,,,6.63,8.33,7.37
Netherlands (Kingdom of the),2014,,,,,,,,,,6.32,7.81,8.45
Netherlands (Kingdom of the),2012,,,,,,,,,,5.68,6.9,7.02
Netherlands (Kingdom of the),2010,,,,,,,,,,5.05,5.93,6.58
Netherlands (Kingdom of the),2008,,,,,,,,,,4.74,5.52,6.59
New Zealand,2020,NZD,23.04,15.75,15.44,NZD,34.9,23.86,23.39,NZD,29.9,20.44,20.04
New Zealand,2018,,,,,,,,,,23.9,16.64,16.31
New Zealand,2016,,,,,,,,,,21.6,14.99,15.36
New Zealand,2014,,,,,,,,,,17,11.8,14.43
New Zealand,2012,,,,,,,,,,14.5,9.69,11.69
New Zealand,2010,,,,,,,,,,10,6.78,7.24
New Zealand,2008,,,,,,,,,,10,6.91,5.78
Nicaragua,2020,NIO,98.75,8.53,2.87,NIO,156,13.48,4.53,NIO,122.5,10.59,3.56
Nicaragua,2018,,,,,,,,,,45,4.12,1.42
Nicaragua,2016,,,,,,,,,,50,4.72,1.74
Nicaragua,2014,,,,,,,,,,39,3.84,1.5
Nicaragua,2012,,,,,,,,,,28,2.99,1.18
Nicaragua,2010,,,,,,,,,,27.95,3.46,1.3
Nicaragua,2008,,,,,,,,,,21,2.87,1.06
Niger,2020,,,,,,,,,XOF,500,1.95,0.9
Niger,2018,,,,,,,,,,500,1.93,0.89
Niger,2016,,,,,,,,,,500,1.95,0.85
Niger,2014,,,,,,,,,,500,2.05,1.02
Niger,2012,,,,,,,,,,400,1.71,0.75
Niger,2010,,,,,,,,,,400,1.8,0.79
Niger,2008,,,,,,,,,,400,1.91,0.85
Nigeria,2020,NGN,200,1.35,0.52,NGN,650,4.37,1.71,NGN,400,2.69,1.05
Nigeria,2018,,,,,,,,,,220,1.76,0.72
Nigeria,2016,,,,,,,,,,220,2.09,0.7
Nigeria,2014,,,,,,,,,,220,2.37,1.42
Nigeria,2012,,,,,,,,,,200,2.3,1.27
Nigeria,2010,,,,,,,,,,200,2.72,1.35
Nigeria,2008,,,,,,,,,,180,2.83,1.36
Niue,2020,NZD,13.5,,9,NZD,28,,18.67,NZD,24,,16
Niue,2018,,,,,,,,,,24,,16.38
Niue,2016,,,,,,,,,,13,,9.24
Niue,2014,,,,,,,,,,12,,10.18
Niue,2012,,,,,,,,,,12,,9.68
Niue,2010,,,,,,,,,,10,,7.24
Niue,2008,,,,,,,,,,8,,4.63
North Macedonia,2020,MKD,85,4.36,1.62,MKD,150,7.69,2.86,MKD,94.74,4.86,1.8
North Macedonia,2018,,,,,,,,,,78.95,4.1,1.5
North Macedonia,2016,,,,,,,,,,66.32,3.5,1.2
North Macedonia,2014,,,,,,,,,,60,3.16,1.31
North Macedonia,2012,,,,,,,,,,54.74,2.88,1.09
North Macedonia,2010,,,,,,,,,,52.63,2.77,1.11
North Macedonia,2008,,,,,,,,,,52.63,2.78,1.21
Norway,2020,NOK,98,9.95,10.82,NOK,129,13.1,14.24,NOK,129,13.1,14.24
Norway,2018,,,,,,,,,,117.8,11.49,14.51
Norway,2016,,,,,,,,,,108.6,10.81,12.69
Norway,2014,,,,,,,,,,97.9,10.55,15.59
Norway,2012,,,,,,,,,,87.5,9.68,14.49
Norway,2010,,,,,,,,,,81,9.32,13.3
Norway,2008,,,,,,,,,,71,8.05,10.14
Palestine,2020,ILS,8,4.22,2.35,ILS,27,14.25,7.92,ILS,22,11.61,6.46
Palestine,2018,,,,,,,,,,22,11.11,6
Palestine,2016,,,,,,,,,,22,10.24,5.75
Palestine,2014,,,,,,,,,,22,10.11,6.42
Palestine,2012,,,,,,,,,,18,7.63,4.5
Palestine,2010,,,,,,,,,,15,6.16,3.97
Palestine,2008,,,,,,,,,,8,3.87,2.1
Oman,2020,OMR,0.45,2.43,1.17,OMR,2.2,11.89,5.72,OMR,2.2,11.89,5.72
Oman,2018,,,,,,,,,,1.2,5.48,3.12
Oman,2016,,,,,,,,,,1,5.15,2.6
Oman,2014,,,,,,,,,,0.9,4.52,2.34
Oman,2012,,,,,,,,,,0.9,4.76,2.37
Oman,2010,,,,,,,,,,0.65,4.01,1.69
Oman,2008,,,,,,,,,,0.6,3.14,1.56
Pakistan,2020,PKR,80,2.06,0.48,PKR,180,4.64,1.07,PKR,80,2.06,0.48
Pakistan,2018,,,,,,,,,,48,1.42,0.39
Pakistan,2016,,,,,,,,,,67,2.07,0.64
Pakistan,2014,,,,,,,,,,47,1.55,0.48
Pakistan,2012,,,,,,,,,,33,1.24,0.35
Pakistan,2010,,,,,,,,,,28.1,1.31,0.33
Pakistan,2008,,,,,,,,,,18.4,1.14,0.23
Palau,2020,USD,5.25,5.22,5.25,USD,7.5,7.46,7.5,USD,7,6.97,7
Palau,2018,,,,,,,,,,6.85,6.67,6.85
Palau,2016,,,,,,,,,,6.75,5.84,6.75
Palau,2014,,,,,,,,,,5.25,5.19,5.25
Palau,2012,,,,,,,,,,3.5,3.69,3.5
Palau,2010,,,,,,,,,,3.5,3.83,3.5
Palau,2008,,,,,,,,,,3.5,3.69,3.5
Panama,2020,,1.73,3.69,1.73,PAB,,,,PAB,4,8.53,4
Panama,2018,,,,,,,,,,4.5,9.18,4.5
Panama,2016,,,,,,,,,,4.25,8.25,4.25
Panama,2014,,,,,,,,,,4.25,7.6,4.25
Panama,2012,,,,,,,,,,3.73,6.5,3.73
Panama,2010,,,,,,,,,,3.25,6.1,3.25
Panama,2008,,,,,,,,,,1.96,3.94,1.96
Papua New Guinea,2020,,,,,,,,,PGK,20,8.34,5.76
Papua New Guinea,2018,,,,,,,,,,18.6,7.6,5.64
Papua New Guinea,2016,,,,,,,,,,21.6,10.03,6.81
Papua New Guinea,2014,,,,,,,,,,16,7.28,6.54
Papua New Guinea,2012,,,,,,,,,,14.96,7.17,7.23
Papua New Guinea,2008,,,,,,,,,,9.01,4.61,3.36
Paraguay,2020,PYG,2150,0.84,0.31,PYG,8500,3.32,1.23,PYG,2150,0.84,0.31
Paraguay,2018,,,,,,,,,,2000,0.79,0.35
Paraguay,2016,,,,,,,,,,2000,0.8,0.36
Paraguay,2014,,,,,,,,,,1500,0.63,0.35
Paraguay,2012,,,,,,,,,,1500,0.66,0.34
Paraguay,2010,,,,,,,,,,1300,0.63,0.27
Paraguay,2008,,,,,,,,,,1000,0.52,0.2
Peru,2020,PEN,11,6.19,3.13,PEN,18.2,10.24,5.19,PEN,12.2,6.86,3.48
Peru,2018,,,,,,,,,,16,9.18,4.89
Peru,2016,,,,,,,,,,10.5,6.02,3.13
Peru,2014,,,,,,,,,,6.2,3.77,2.22
Peru,2012,,,,,,,,,,5.2,3.25,1.98
Peru,2010,,,,,,,,,,4.5,3,1.59
Peru,2008,,,,,,,,,,4,2.82,1.27
Philippines,2020,PHP,70,3.57,1.42,PHP,100,5.1,2.03,PHP,100,5.1,2.03
Philippines,2018,,,,,,,,,,57.75,2.94,1.08
Philippines,2016,,,,,,,,,,40.5,2.14,0.86
Philippines,2014,,,,,,,,,,26.75,1.42,0.62
Philippines,2012,,,,,,,,,,15,0.83,0.36
Philippines,2010,,,,,,,,,,13.95,0.78,0.3
Philippines,2008,,,,,,,,,,12.23,0.72,0.26
Poland,2020,PLN,13,7.32,3.5,PLN,18,10.13,4.84,PLN,16.5,9.29,4.44
Poland,2018,,,,,,,,,,15.5,9.03,4.25
Poland,2016,,,,,,,,,,14.7,8.48,3.73
Poland,2014,,,,,,,,,,13.7,7.75,4.41
Poland,2012,,,,,,,,,,11.6,6.46,3.46
Poland,2010,,,,,,,,,,7.95,4.46,2.59
Poland,2008,,,,,,,,,,5.75,3.34,1.94
Portugal,2020,EUR,4.1,7.18,4.86,EUR,5.5,9.63,6.52,EUR,4.4,7.71,5.21
Portugal,2018,,,,,,,,,,5,8.77,5.87
Portugal,2016,,,,,,,,,,4.8,8.41,5.33
Portugal,2014,,,,,,,,,,4.5,7.77,6.02
Portugal,2012,,,,,,,,,,4.2,6.94,5.19
Portugal,2010,,,,,,,,,,3.5,5.49,4.56
Portugal,2008,,,,,,,,,,3.3,5.16,4.59
Qatar,2020,QAR,9,4.31,2.47,QAR,22,10.53,6.04,QAR,22,10.53,6.04
Qatar,2018,,,,,,,,,,10,3.88,2.75
Qatar,2016,,,,,,,,,,10,3.99,2.75
Qatar,2014,,,,,,,,,,10,4.23,2.75
Qatar,2012,,,,,,,,,,9,4.12,2.47
Qatar,2010,,,,,,,,,,6,3.44,1.65
Qatar,2008,,,,,,,,,,6,2.69,1.65
South Korea,2020,KRW,4285.71429,5.17,3.6,KRW,6000,7.24,5.04,KRW,4500,5.43,3.78
South Korea,2018,,,,,,,,,,4500,5.26,4.02
South Korea,2016,,,,,,,,,,4500,5.24,4.02
South Korea,2014,,,,,,,,,,2500,2.87,2.43
South Korea,2012,,,,,,,,,,2500,2.92,2.21
South Korea,2010,,,,,,,,,,2500,2.9,2.11
South Korea,2008,,,,,,,,,,2500,3.03,1.98
Moldova,2020,MDL,21,3.57,1.25,MDL,36,6.13,2.15,MDL,33,5.62,1.97
Moldova,2018,,,,,,,,,,28,5.04,1.69
Moldova,2016,,,,,,,,,,20,3.7,1.01
Moldova,2014,,,,,,,,,,15,2.83,1.08
Moldova,2012,,,,,,,,,,13,2.59,1.04
Moldova,2010,,,,,,,,,,9,1.91,0.73
Moldova,2008,,,,,,,,,,6,1.7,0.58
Romania,2020,RON,18.3,10.19,4.49,RON,20.5,11.41,5.03,RON,20.5,11.41,5.03
Romania,2018,,,,,,,,,,17.5,10.51,4.43
Romania,2016,,,,,,,,,,16,10.02,3.98
Romania,2014,,,,,,,,,,14.5,8.91,4.39
Romania,2012,,,,,,,,,,13.5,8.63,3.63
Romania,2010,,,,,,,,,,9.9,6.49,3.03
Romania,2008,,,,,,,,,,6.5,4.51,2.29
Russian Federation,2020,RUB,69,2.65,0.94,RUB,163,6.26,2.22,RUB,158,6.07,2.15
Russian Federation,2018,,,,,,,,,,125,4.79,1.99
Russian Federation,2016,,,,,,,,,,105,4.34,1.57
Russian Federation,2014,,,,,,,,,,67,3.19,1.88
Russian Federation,2012,,,,,,,,,,44,2.25,1.37
Russian Federation,2010,,,,,,,,,,31,1.9,1.03
Russian Federation,2008,,,,,,,,,,25,1.75,0.85
Rwanda,2020,RWF,800,2.45,0.85,RWF,2000,6.13,2.12,RWF,1000,3.06,1.06
Rwanda,2018,,,,,,,,,,650,2.06,0.75
Rwanda,2016,,,,,,,,,,650,2.09,0.82
Rwanda,2014,,,,,,,,,,650,2.19,0.95
Rwanda,2012,,,,,,,,,,600,2.01,0.98
Rwanda,2010,,,,,,,,,,500,1.88,0.85
Rwanda,2008,,,,,,,,,,500,2.02,0.89
Saint Kitts and Nevis,2018,,,,,,,,,,8,4.08,2.96
Saint Kitts and Nevis,2016,,,,,,,,,,8,3.93,2.96
Saint Kitts and Nevis,2014,,,,,,,,,,8,3.93,2.96
Saint Kitts and Nevis,2012,,,,,,,,,,7.75,3.84,2.87
Saint Kitts and Nevis,2010,,,,,,,,,,6.5,3.43,2.41
Saint Kitts and Nevis,2008,,,,,,,,,,5,2.75,1.85
Saint Lucia,2020,XCD,8.95,4.65,3.31,XCD,17.25,8.96,6.39,XCD,8.95,4.65,3.31
Saint Lucia,2018,,,,,,,,,,8.95,4.56,3.31
Saint Lucia,2016,,,,,,,,,,8.25,4.21,3.06
Saint Lucia,2014,,,,,,,,,,7.25,3.75,2.69
Saint Lucia,2012,,,,,,,,,,8.75,4.66,3.24
Saint Lucia,2010,,,,,,,,,,6.5,3.52,2.41
Saint Lucia,2008,,,,,,,,,,6.5,3.62,2.41
Saint Vincent and the Grenadines,2020,XCD,7.1,4.59,2.63,XCD,8,5.17,2.96,XCD,8,5.17,2.96
Saint Vincent and the Grenadines,2018,,,,,,,,,,10,6.42,3.7
Saint Vincent and the Grenadines,2016,,,,,,,,,,6,3.91,2.22
Saint Vincent and the Grenadines,2014,,,,,,,,,,6,3.76,2.22
Saint Vincent and the Grenadines,2012,,,,,,,,,,5.5,3.33,2.04
Saint Vincent and the Grenadines,2010,,,,,,,,,,5.4,3.22,2
Saint Vincent and the Grenadines,2008,,,,,,,,,,5.4,3.27,2
Samoa,2020,WST,5,2.59,1.91,WST,14.2,7.35,5.41,WST,14.2,7.35,5.41
Samoa,2018,,,,,,,,,,13.4,7.05,5.19
Samoa,2016,,,,,,,,,,11.5,5.92,4.52
Samoa,2014,,,,,,,,,,9.5,5.05,4.13
Samoa,2012,,,,,,,,,,8.6,4.45,3.76
Samoa,2010,,,,,,,,,,8,4.14,3.22
Samoa,2008,,,,,,,,,,7.8,3.85,2.69
San Marino,2016,,,,,,,,,,4.7,6.82,5.22
San Marino,2014,,,,,,,,,,4.5,6.52,6.02
San Marino,2012,,,,,,,,,,4.4,6.15,5.43
San Marino,2010,,,,,,,,,,4,5.54,5.21
Sao Tome and Principe,2020,STN,30,2.81,1.42,STN,40,3.75,1.89,STN,30,2.81,1.42
Sao Tome and Principe,2018,,,,,,,,,,25,2.48,1.18
Sao Tome and Principe,2016,,,,,,,,,,20000,1.65,0.91
Sao Tome and Principe,2014,,,,,,,,,,20000,1.82,1.09
Sao Tome and Principe,2012,,,,,,,,,,20000,2.1,1
Sao Tome and Principe,2010,,,,,,,,,,20000,2.48,1.06
Sao Tome and Principe,2008,,,,,,,,,,20000,2.94,1.31
Saudi Arabia,2020,SAR,15,9.45,4,SAR,28,17.64,7.47,SAR,28,17.64,7.47
Saudi Arabia,2018,,,,,,,,,,27.5,15.31,7.33
Saudi Arabia,2016,,,,,,,,,,12,7.32,3.2
Saudi Arabia,2014,,,,,,,,,,10,6.08,2.67
Saudi Arabia,2012,,,,,,,,,,9,5.45,2.4
Saudi Arabia,2010,,,,,,,,,,7,4.99,1.87
Saudi Arabia,2008,,,,,,,,,,6,4.15,1.6
Senegal,2020,XOF,700,2.9,1.26,XOF,800,3.32,1.44,XOF,700,2.9,1.26
Senegal,2018,,,,,,,,,,700,2.92,1.25
Senegal,2016,,,,,,,,,,500,2.04,0.85
Senegal,2014,,,,,,,,,,500,2.05,1.02
Senegal,2012,,,,,,,,,,400,1.63,0.75
Senegal,2010,,,,,,,,,,400,1.68,0.79
Senegal,2008,,,,,,,,,,400,1.65,0.85
Serbia,2020,RSD,220,5.25,2.23,RSD,370,8.83,3.74,RSD,280,6.68,2.83
Serbia,2018,,,,,,,,,,250,6.14,2.48
Serbia,2016,,,,,,,,,,220,5.44,1.98
Serbia,2014,,,,,,,,,,170,4.27,1.95
Serbia,2012,,,,,,,,,,110,2.9,1.15
Serbia,2010,,,,,,,,,,75,2.2,0.92
Serbia,2008,,,,,,,,,,70,2.3,1.11
Seychelles,2020,SCR,130,16.09,7.12,SCR,160,19.8,8.77,SCR,130,16.09,7.12
Seychelles,2018,,,,,,,,,,117,14.71,8.4
Seychelles,2016,,,,,,,,,,105,13.44,7.9
Seychelles,2014,,,,,,,,,,75,9.56,6.09
Seychelles,2012,,,,,,,,,,75,9.84,5.36
Seychelles,2010,,,,,,,,,,74,10.76,5.95
Seychelles,2008,,,,,,,,,,66,11.5,3.98
Sierra Leone,2020,SLL,2500,0.82,0.26,SLL,10000,3.29,1.03,SLL,6000,1.98,0.62
Sierra Leone,2018,,,,,,,,,,5000,2,0.62
Sierra Leone,2016,,,,,,,,,,3500,1.77,0.57
Sierra Leone,2014,,,,,,,,,,3500,1.94,0.78
Sierra Leone,2012,,,,,,,,,,2400,1.37,0.55
Sierra Leone,2010,,,,,,,,,,1600,1.14,0.41
Sierra Leone,2008,,,,,,,,,,1600,1.41,0.53
Singapore,2020,SGD,10.3,12.15,7.49,SGD,14.1,16.63,10.25,SGD,14.1,16.63,10.25
Singapore,2018,,,,,,,,,,14.1,15.81,10.35
Singapore,2016,,,,,,,,,,13,14.81,9.65
Singapore,2014,,,,,,,,,,13,15.05,10.44
Singapore,2012,,,,,,,,,,11.9,14.07,9.52
Singapore,2010,,,,,,,,,,11.6,13.57,8.52
Singapore,2008,,,,,,,,,,11.6,13.84,8.06
Slovakia,2020,EUR,3.2,6.31,3.79,EUR,4,7.89,4.74,EUR,3.5,6.9,4.15
Slovakia,2018,,,,,,,,,,3.3,6.59,3.87
Slovakia,2016,,,,,,,,,,3.1,6.16,3.45
Slovakia,2014,,,,,,,,,,2.84,5.86,3.8
Slovakia,2012,,,,,,,,,,2.74,5.42,3.38
Slovakia,2010,,,,,,,,,,2.42,4.77,3.15
Slovakia,2008,,,,,,,,,,2.1,4.02,0.1
Slovenia,2020,EUR,3.1,5.45,3.67,EUR,4.2,7.38,4.98,EUR,3.8,6.68,4.5
Slovenia,2018,,,,,,,,,,3.7,6.53,4.34
Slovenia,2016,,,,,,,,,,3.5,6.07,3.89
Slovenia,2014,,,,,,,,,,3.45,5.84,4.62
Slovenia,2012,,,,,,,,,,2.9,4.78,3.58
Slovenia,2010,,,,,,,,,,2.5,3.97,3.26
Slovenia,2008,,,,,,,,,,2.2,3.5,3.06
Solomon Islands,2018,,,,,,,,,,32,4.07,4
Solomon Islands,2016,,,,,,,,,,32,4.12,4.04
Solomon Islands,2014,,,,,,,,,,30.08,3.93,4.13
Solomon Islands,2012,,,,,,,,,,24,3.2,3.26
Somalia,2020,SOS,12000,1.4,0.49,SOS,24000,2.8,0.99,SOS,12000,1.4,0.49
Somalia,2018,,,,,,,,,,12000,1.39,0.49
Somalia,2016,,,,,,,,,,12000,1.44,0.49
Somalia,2012,,,,,,,,,,13000,1.5,0.53
Somalia,2010,,,,,,,,,,0.3,,0.3
Somalia,2008,,,,,,,,,,0.3,,0.3
South Africa,2020,ZAR,25.67,3.78,1.53,ZAR,45.4,6.68,2.71,ZAR,43.84,6.45,2.62
South Africa,2018,,,,,,,,,,37.34,5.73,2.85
South Africa,2016,,,,,,,,,,35.53,5.77,2.51
South Africa,2014,,,,,,,,,,31.74,5.7,2.97
South Africa,2012,,,,,,,,,,27.81,5.44,3.4
South Africa,2010,,,,,,,,,,24.83,5.42,3.39
South Africa,2008,,,,,,,,,,19.18,4.7,2.06
South Sudan,2020,SSP,,,,,400,6.69,2.44,SSP,400,6.69,2.44
South Sudan,2016,,,,,,,,,,150,11.48,2.89
Spain,2020,EUR,3.95,6.42,4.68,EUR,5,8.13,5.92,EUR,5,8.13,5.92
Spain,2018,,,,,,,,,,5,8.04,5.87
Spain,2016,,,,,,,,,,4.85,7.54,5.39
Spain,2014,,,,,,,,,,4.8,7.25,6.42
Spain,2012,,,,,,,,,,4.5,6.47,5.56
Spain,2010,,,,,,,,,,3.4,4.66,4.43
Spain,2008,,,,,,,,,,2.5,3.37,3.48
Sri Lanka,2020,,400,7.67,2.15,LKR,,,,LKR,1300,24.92,7
Sri Lanka,2018,,,,,,,,,,1100,21.86,6.89
Sri Lanka,2016,,,,,,,,,,1000,21.61,6.86
Sri Lanka,2014,,,,,,,,,,600,13.54,4.61
Sri Lanka,2012,,,,,,,,,,500,12.06,3.79
Sri Lanka,2010,,,,,,,,,,380,9.84,3.38
Sri Lanka,2008,,,,,,,,,,320,9.23,2.83
Sudan,2020,SDG,30,1.11,0.55,SDG,70,2.6,1.27,SDG,60,2.23,1.09
Sudan,2018,,,,,,,,,,30,3.97,1.67
Sudan,2016,,,,,,,,,,20,5.93,3.33
Sudan,2014,,,,,,,,,,14,5.34,2.46
Sudan,2012,,,,,,,,,,8,4.88,1.82
Sudan,2010,,,,,,,,,,6,6.03,2.53
Sudan,2008,,,,,,,,,,4,4.93,1.95
Suriname,2020,SRD,42.5,9.54,5.7,SRD,50,11.22,6.7,SRD,45,10.1,6.03
Suriname,2018,,,,,,,,,,25,9.49,3.35
Suriname,2016,,,,,,,,,,17,7,2.36
Suriname,2014,,,,,,,,,,9,4.97,2.73
Suriname,2012,,,,,,,,,,8.5,4.42,2.58
Suriname,2010,,,,,,,,,,6,3.59,2.19
Suriname,2008,,,,,,,,,,5,3.35,1.82
Sweden,2020,SEK,57,6.46,6.57,SEK,68,7.71,7.83,SEK,68,7.71,7.83
Sweden,2018,,,,,,,,,,65,7.45,7.44
Sweden,2016,,,,,,,,,,63.16,7.16,7.34
Sweden,2014,,,,,,,,,,58.95,6.75,8.55
Sweden,2012,,,,,,,,,,53,6.12,7.79
Sweden,2010,,,,,,,,,,50,5.6,6.91
Sweden,2008,,,,,,,,,,49,5.56,6.27
Switzerland,2020,CHF,5.5,4.91,6.06,CHF,8.8,7.85,9.69,CHF,8.8,7.85,9.69
Switzerland,2018,,,,,,,,,,8.6,7.44,8.71
Switzerland,2016,,,,,,,,,,8.5,7.07,8.72
Switzerland,2014,,,,,,,,,,8.4,6.55,9.24
Switzerland,2012,,,,,,,,,,7.9,5.83,8.06
Switzerland,2010,,,,,,,,,,7.2,5.06,6.93
Switzerland,2008,,,,,,,,,,6.6,4.59,6.2
Syria,2020,,500,,0.4,SYP,,,,SYP,500,,0.4
Syria,2018,,,,,,,,,,130,,0.3
Syria,2016,,,,,,,,,,130,,0.27
Syria,2012,,,,,,,,,,60,,0.89
Syria,2010,,,,,,,,,,30,1.47,0.64
Syria,2008,,,,,,,,,,30,1.5,0.62
Turkiye,2020,TRY,11,5.84,1.58,TRY,18.5,9.81,2.66,TRY,18.5,9.81,2.66
Turkiye,2018,,,,,,,,,,13.5,8.64,2.76
Turkiye,2016,,,,,,,,,,10,8.06,3.32
Turkiye,2014,,,,,,,,,,8,7.24,3.82
Turkiye,2012,,,,,,,,,,6.5,6.37,3.63
Turkiye,2010,,,,,,,,,,4.5,4.93,2.98
Turkiye,2008,,,,,,,,,,3,3.64,1.97
Tajikistan,2020,TJS,6,2.48,0.58,TJS,19,7.85,1.84,TJS,9,3.72,0.87
Tajikistan,2018,,,,,,,,,,8,3.5,0.85
Tajikistan,2016,,,,,,,,,,5.5,2.71,0.7
Tajikistan,2014,,,,,,,,,,5,3.03,1.01
Tajikistan,2012,,,,,,,,,,3,1.8,0.63
Tajikistan,2010,,,,,,,,,,3,2.13,0.68
Thailand,2020,THB,55,4.45,1.76,THB,145,11.74,4.64,THB,60,4.86,1.92
Thailand,2018,,,,,,,,,,60,4.71,1.8
Thailand,2016,,,,,,,,,,86,6.76,2.47
Thailand,2014,,,,,,,,,,65,5.2,2.03
Thailand,2012,,,,,,,,,,58,4.73,1.84
Thailand,2010,,,,,,,,,,58,4.76,1.8
Thailand,2008,,,,,,,,,,45,3.78,1.29
Timor-Leste,2020,USD,,,,,2,5.54,2,USD,2,5.54,2
Timor-Leste,2018,,,,,,,,,,2,5.1,2
Timor-Leste,2016,,,,,,,,,,1.5,3.47,1.5
Timor-Leste,2014,,,,,,,,,,1.25,2.76,1.25
Timor-Leste,2012,,,,,,,,,,1.25,2.86,1.25
Timor-Leste,2010,,,,,,,,,,1.25,3.05,1.25
Timor-Leste,2008,,,,,,,,,,1,2.7,1
Togo,2020,XOF,400,1.62,0.72,XOF,1200,4.87,2.17,XOF,700,2.84,1.26
Togo,2018,,,,,,,,,,600,2.52,1.07
Togo,2016,,,,,,,,,,500,2.05,0.85
Togo,2014,,,,,,,,,,400,1.68,0.82
Togo,2012,,,,,,,,,,400,1.68,0.75
Togo,2010,,,,,,,,,,380,1.65,0.75
Togo,2008,,,,,,,,,,350,1.52,0.74
Tonga,2020,TOP,19,10.14,8.36,TOP,25,13.34,11,TOP,23,12.27,10.12
Tonga,2018,,,,,,,,,,20,11.19,8.83
Tonga,2016,,,,,,,,,,12,7.15,5.43
Tonga,2014,,,,,,,,,,8.5,5.39,4.68
Tonga,2012,,,,,,,,,,8,4.78,4.6
Tonga,2010,,,,,,,,,,7.3,4.38,3.79
Tonga,2008,,,,,,,,,,7.3,4.86,3.42
Trinidad and Tobago,2020,,15,3.56,2.23,TTD,,,,TTD,30,7.12,4.45
Trinidad and Tobago,2018,,,,,,,,,,30,6.96,4.43
Trinidad and Tobago,2016,,,,,,,,,,26,6.33,3.87
Trinidad and Tobago,2014,,,,,,,,,,23,5.26,3.6
Trinidad and Tobago,2012,,,,,,,,,,19.5,4.76,3.05
Trinidad and Tobago,2010,,,,,,,,,,16,4.58,2.51
Trinidad and Tobago,2008,,,,,,,,,,14,3.23,2.22
Tunisia,2020,TND,1.7,1.89,0.62,TND,7.3,8.12,2.66,TND,3.5,3.89,1.27
Tunisia,2018,,,,,,,,,,2.85,3.45,1.06
Tunisia,2016,,,,,,,,,,2.55,3.32,1.15
Tunisia,2014,,,,,,,,,,2.55,3.64,1.48
Tunisia,2012,,,,,,,,,,2.25,3.54,1.39
Tunisia,2010,,,,,,,,,,1.9,3.25,1.3
Tunisia,2008,,,,,,,,,,1.7,3.06,1.3
Turkmenistan,2020,TMT,30,17.74,8.57,TMT,35,20.7,10,TMT,30,17.74,8.57
Turkmenistan,2018,,,,,,,,,,25,15.58,7.14
Turkmenistan,2016,,,,,,,,,,19,11.78,5.43
Turkmenistan,2014,,,,,,,,,,11.65,6.93,4.09
Turkmenistan,2012,,,,,,,,,,9,5.7,3.16
Turkmenistan,2010,,,,,,,,,,3.4,2.64,1.19
Turkmenistan,2008,,,,,,,,,,11000,,2.12
Tuvalu,2020,AUD,3.5,2.52,2.52,AUD,6,4.31,4.31,AUD,6,4.31,4.31
Tuvalu,2018,,,,,,,,,,6,4.4,4.46
Tuvalu,2016,,,,,,,,,,3.5,2.65,2.63
Tuvalu,2014,,,,,,,,,,2.5,2.09,2.33
Tuvalu,2012,,,,,,,,,,6,5.17,6.32
Tuvalu,2010,,,,,,,,,,6,5.05,5.39
Tuvalu,2008,,,,,,,,,,4.5,3.84,3.12
Uganda,2020,UGX,2500,1.86,0.68,UGX,8500,6.32,2.31,UGX,4000,2.97,1.09
Uganda,2018,,,,,,,,,,3500,2.69,0.95
Uganda,2016,,,,,,,,,,3000,2.48,0.89
Uganda,2014,,,,,,,,,,2500,2.33,0.95
Uganda,2012,,,,,,,,,,2500,2.49,1.01
Uganda,2010,,,,,,,,,,1500,2.06,0.66
Uganda,2008,,,,,,,,,,1000,1.61,0.51
Ukraine,2020,UAH,30.95,4.22,1.12,UAH,59,8.05,2.13,UAH,40.96,5.59,1.48
Ukraine,2018,,,,,,,,,,29.05,4.36,1.09
Ukraine,2016,,,,,,,,,,14.7,2.93,0.59
Ukraine,2014,,,,,,,,,,9,2.62,0.74
Ukraine,2012,,,,,,,,,,7.5,2.27,0.94
Ukraine,2010,,,,,,,,,,5.5,1.93,0.7
Ukraine,2008,,,,,,,,,,2.5,1.1,0.32
United Arab Emirates,2020,AED,8.5,4.24,2.31,AED,21,10.46,5.72,AED,21,10.46,5.72
United Arab Emirates,2018,,,,,,,,,,20,8.52,5.45
United Arab Emirates,2016,,,,,,,,,,11,5.02,3
United Arab Emirates,2014,,,,,,,,,,10,4.58,2.72
United Arab Emirates,2012,,,,,,,,,,8,3.67,2.18
United Arab Emirates,2010,,,,,,,,,,7,3.65,1.91
United Arab Emirates,2008,,,,,,,,,,6.5,3.17,1.77
United Kingdom of Great Britain and Northern Ireland,2020,GBP,9.3,13.46,12.22,GBP,13.1,18.96,17.21,GBP,10.3,14.91,13.53
United Kingdom of Great Britain and Northern Ireland,2018,,,,,,,,,,9.4,13.82,12.37
United Kingdom of Great Britain and Northern Ireland,2016,,,,,,,,,,8.3,12.05,10.94
United Kingdom of Great Britain and Northern Ireland,2014,,,,,,,,,,7.52,10.77,12.69
United Kingdom of Great Britain and Northern Ireland,2012,,,,,,,,,,6.6,9.4,10.31
United Kingdom of Great Britain and Northern Ireland,2010,,,,,,,,,,6.29,8.91,9.8
United Kingdom of Great Britain and Northern Ireland,2008,,,,,,,,,,5.67,8.12,8.27
Tanzania,2020,TZS,2000,2.23,0.87,TZS,5000,5.57,2.18,TZS,4000,4.46,1.74
Tanzania,2018,,,,,,,,,,3500,3.99,1.54
Tanzania,2016,,,,,,,,,,3000,3.53,1.38
Tanzania,2014,,,,,,,,,,3500,4.61,2.12
Tanzania,2012,,,,,,,,,,2500,3.85,1.59
Tanzania,2010,,,,,,,,,,2500,5,1.81
Tanzania,2008,,,,,,,,,,1400,3.28,1.09
United States,2020,Not applicable,NA,NA,NA,Not applicable,NA,NA,NA,USD,7.33,7.33,7.33
United States,2018,,,,,,,,,,6.86,6.86,6.86
United States,2016,,,,,,,,,,6.43,6.43,6.43
United States,2014,,,,,,,,,,6.23,6.23,6.23
United States,2012,,,,,,,,,,6.07,6.07,6.07
United States,2010,,,,,,,,,,5.72,5.72,5.72
United States,2008,,,,,,,,,,4.58,4.58,4.58
Uruguay,2020,UYU,155,5.55,3.66,UYU,165,5.91,3.89,UYU,165,5.91,3.89
Uruguay,2018,,,,,,,,,,140,5.83,4.58
Uruguay,2016,,,,,,,,,,110,4.9,3.7
Uruguay,2014,,,,,,,,,,78,4.01,3.35
Uruguay,2012,,,,,,,,,,75,4.43,3.48
Uruguay,2010,,,,,,,,,,70,4.89,3.32
Uruguay,2008,,,,,,,,,,45,3.49,1.85
Uzbekistan,2020,UZS,6000,2.51,0.59,UZS,11000,4.6,1.08,UZS,8500,3.55,0.83
Uzbekistan,2018,,,,,,,,,,6000,3.36,0.77
Uzbekistan,2016,,,,,,,,,,3000,2.54,1.01
Uzbekistan,2014,,,,,,,,,,2200,2.35,0.94
Uzbekistan,2012,,,,,,,,,,1700,2.4,0.89
Uzbekistan,2010,,,,,,,,,,1100,2.17,0.69
Uzbekistan,2008,,,,,,,,,,700,1.94,0.5
Vanuatu,2020,VUV,610,4.86,5.39,VUV,850,6.78,7.51,VUV,735,5.86,6.49
Vanuatu,2018,,,,,,,,,,735,5.93,6.63
Vanuatu,2016,,,,,,,,,,720,5.99,6.6
Vanuatu,2014,,,,,,,,,,720,6.24,7.56
Vanuatu,2012,,,,,,,,,,700,6.13,7.58
Vanuatu,2010,,,,,,,,,,653,5.69,6.56
Vanuatu,2008,,,,,,,,,,640,5.75,5.68
Venezuela,2020,VES,130000,,0.54,VES,650000,,2.69,VES,500000,,2.07
Venezuela,2018,,,,,,,,,,300,,4.7
Venezuela,2016,,,,,,,,,,1400,14,140.35
Venezuela,2014,,,,,,,,,,90,16.1,14.32
Venezuela,2012,,,,,,,,,,30,9.87,6.99
Venezuela,2010,,,,,,,,,,16,7.4,6.17
Venezuela,2008,,,,,,,,,,8.5,6.07,3.96
Vietnam,2020,VND,6700,0.88,0.29,VND,21500,2.82,0.93,VND,21500,2.82,0.93
Vietnam,2018,,,,,,,,,,20000,2.67,0.87
Vietnam,2016,,,,,,,,,,20000,2.73,0.91
Vietnam,2014,,,,,,,,,,18730,2.51,0.88
Vietnam,2012,,,,,,,,,,15000,2.09,0.72
Vietnam,2010,,,,,,,,,,14000,2.41,0.75
Vietnam,2008,,,,,,,,,,11000,2.21,0.65
Yemen,2020,YER,350,1.44,1.4,YER,2400,9.9,9.59,YER,600,2.48,2.4
Yemen,2018,,,,,,,,,,550,2.98,2.56
Yemen,2016,,,,,,,,,,350,2.47,1.63
Yemen,2014,,,,,,,,,,280,2.84,1.3
Yemen,2012,,,,,,,,,,250,2.82,1.17
Yemen,2010,,,,,,,,,,180,2.56,0.75
Yemen,2008,,,,,,,,,,150,2.36,0.75
Zambia,2020,,,,,,,,,ZMW,21.2,3.91,1.16
Zambia,2018,,,,,,,,,,17.5,3.88,1.76
Zambia,2016,,,,,,,,,,17,4.38,1.66
Zambia,2014,,,,,,,,,,9,2.94,1.47
Zambia,2012,,,,,,,,,,8000,1.81,1.61
Zambia,2010,,,,,,,,,,8000,2.09,1.64
Zambia,2008,,,,,,,,,,5500,1.72,1.14
Zimbabwe,2020,ZWL,58,2.9,0.76,ZWL,255,12.74,3.32,ZWL,95,4.75,1.24
Zimbabwe,2018,,,,,,,,,,1.75,1.87,1.75
Zimbabwe,2016,,,,,,,,,,1.75,3.23,1.75
Zimbabwe,2014,,,,,,,,,,1.3,2.37,1.3
Zimbabwe,2012,,,,,,,,,,1,1.82,1
Zimbabwe,2010,,,,,,,,,,0.5,0.97,0.5
Zimbabwe,2008,,,,,,,,,,0.4,1.06,0.4
